{
  "vite.config.js": 1777918659.3948514,
  "src/main.jsx": 1777923893.592069,
  "src/App.jsx": 1777923887.8812299,
  "src/components/HeroSection.jsx": 1777921576.1930966,
  "src/components/SignupPage.jsx": 1777923874.1889498,
  "src/components/MealCard.jsx": 1777920947.5097916,
  "src/components/NavBar.jsx": 1777923906.0552278,
  "src/components/LoginPage.jsx": 1777923860.7500389,
  "index.html": 1777920224.7727473
}